row_key,emp_id,emp_Name,city,emailid,age,designation,salary,contact_num
35,60207,Shea Irwin,Gretna,Sed.et@ultricesVivamus.edu,71,augue malesuada malesuada. Integer id magna et ipsum cursus vestibulum. Mauris magna. Duis dignissim tempor arcu. Vestibulum ut eros non,5791,367-9976
49,53283,Odessa Wallace,Ambala Sadar,scelerisque.neque.Nullam@euismodest.org,54,"Donec tempor, est ac mattis semper, dui lectus rutrum urna, nec luctus felis purus ac tellus. Suspendisse sed dolor. Fusce",3518,1-445-992-9786
80,56939,Camilla Mcpherson,Johnstone,ligula.elit@telluseuaugue.org,78,"sagittis placerat. Cras dictum ultricies ligula. Nullam enim. Sed nulla ante, iaculis nec, eleifend non, dapibus rutrum, justo. Praesent luctus.",3282,1-955-844-5203
44,82161,Lacy Key,Castor,sit.amet@erat.com,35,"sed tortor. Integer aliquam adipiscing lacus. Ut nec urna et arcu imperdiet ullamcorper. Duis at lacus. Quisque purus sapien, gravida",2798,745-9558
83,30402,Maya Kline,Camerino,Mauris@etrutrumnon.ca,42,lorem ac risus. Morbi metus. Vivamus euismod urna. Nullam lobortis quam a felis ullamcorper viverra. Maecenas iaculis aliquet diam. Sed,5400,754-5844
33,77984,Suki Benton,Appleby,non.magna.Nam@Sedeueros.net,45,"ante dictum cursus. Nunc mauris elit, dictum eu, eleifend nec, malesuada ut, sem. Nulla interdum. Curabitur dictum. Phasellus in felis.",4863,539-9415
26,18129,Hollee Wall,Kanpur,cursus.purus@euerat.net,80,"vitae semper egestas, urna justo faucibus lectus, a sollicitudin orci sem eget massa. Suspendisse eleifend. Cras sed leo. Cras vehicula",4468,180-8950
77,72339,Giselle Delgado,Geertruidenberg,eleifend.non@Pellentesque.edu,50,"mollis dui, in sodales elit erat vitae risus. Duis a mi fringilla mi lacinia mattis. Integer eu lacus. Quisque imperdiet,",8756,1-140-580-7360
43,34909,Nerea Ryan,Jauchelette,tempus.eu@Etiam.ca,46,"nulla. Cras eu tellus eu augue porttitor interdum. Sed auctor odio a purus. Duis elementum, dui quis accumsan convallis, ante",1252,663-9303
5,53553,Regan Fisher,HŽvillers,lobortis@estarcuac.ca,52,ipsum primis in faucibus orci luctus et ultrices posuere cubilia Curae; Donec tincidunt. Donec vitae erat vel pede blandit congue.,5250,728-5132
9,73844,Cara Rivers,Allentown,sed.turpis.nec@euaugueporttitor.edu,38,"sem egestas blandit. Nam nulla magna, malesuada vel, convallis in, cursus et, eros. Proin ultrices. Duis volutpat nunc sit amet",5106,1-629-250-4316
7,52921,Libby Beard,Concón,ac@eratEtiam.edu,47,"et risus. Quisque libero lacus, varius et, euismod et, commodo at, libero. Morbi accumsan laoreet ipsum. Curabitur consequat, lectus sit",8905,1-802-703-2896
56,69236,Vielka Duran,Sant'Elia a Pianisi,ultrices.mauris.ipsum@Morbimetus.com,43,"tortor at risus. Nunc ac sem ut dolor dapibus gravida. Aliquam tincidunt, nunc ac mattis ornare, lectus ante dictum mi,",6962,1-868-900-8354
2,10545,Vanna Booker,Aiseau-Presles,lectus.ante.dictum@viverraMaecenas.edu,52,"diam at pretium aliquet, metus urna convallis erat, eget tincidunt dui augue eu tellus. Phasellus elit pede, malesuada vel, venenatis",2380,841-1767
62,79627,Constance Murphy,Gaziantep,nibh.sit@luctusfelis.edu,30,"ut odio vel est tempor bibendum. Donec felis orci, adipiscing non, luctus sit amet, faucibus ut, nulla. Cras eu tellus",7680,1-835-419-7837
44,35858,Cassidy Buckner,Canoas,convallis@InfaucibusMorbi.edu,48,"pellentesque, tellus sem mollis dui, in sodales elit erat vitae risus. Duis a mi fringilla mi lacinia mattis. Integer eu",7740,1-753-911-1288
94,1626,Alexandra Thomas,Qutubullapur,Aenean.eget.metus@molestiein.co.uk,48,"metus urna convallis erat, eget tincidunt dui augue eu tellus. Phasellus elit pede, malesuada vel, venenatis vel, faucibus id, libero.",8312,1-996-468-0747
85,99984,Cecilia Lott,Tsiigehtchic,Pellentesque.habitant@Donecfeugiat.com,45,"sodales purus, in molestie tortor nibh sit amet orci. Ut sagittis lobortis mauris. Suspendisse aliquet molestie tellus. Aenean egestas hendrerit",4788,138-1273
28,67413,Emma Page,Tolyatti,hendrerit.Donec.porttitor@semperNamtempor.edu,35,"risus quis diam luctus lobortis. Class aptent taciti sociosqu ad litora torquent per conubia nostra, per inceptos hymenaeos. Mauris ut",8750,810-6411
58,69028,Madonna Carroll,Malahide,sed.turpis@semelitpharetra.co.uk,35,"montes, nascetur ridiculus mus. Donec dignissim magna a tortor. Nunc commodo auctor velit. Aliquam nisl. Nulla eu neque pellentesque massa",5219,137-4122
4,12986,Kellie Gillespie,Monte San Savino,Curae.Phasellus@loremipsum.edu,75,"Cum sociis natoque penatibus et magnis dis parturient montes, nascetur ridiculus mus. Proin vel nisl. Quisque fringilla euismod enim. Etiam",7889,866-9187
64,95712,Yvonne Cobb,Chandler,natoque.penatibus.et@sapienmolestie.co.uk,39,vel nisl. Quisque fringilla euismod enim. Etiam gravida molestie arcu. Sed eu nibh vulputate mauris sagittis placerat. Cras dictum ultricies,5702,1-707-615-3395
26,96154,Imogene Fields,Kortrijk,adipiscing.elit@Integermollis.ca,80,"dictum magna. Ut tincidunt orci quis lectus. Nullam suscipit, est ac facilisis facilisis, magna tellus faucibus leo, in lobortis tellus",9399,1-967-669-8628
55,16226,Wyoming Gilbert,East Kilbride,Sed.diam@idrisusquis.org,42,diam. Pellentesque habitant morbi tristique senectus et netus et malesuada fames ac turpis egestas. Fusce aliquet magna a neque. Nullam,7346,222-1874
54,17209,Jenna Richards,Vegreville,Proin.velit.Sed@nonummyutmolestie.edu,66,"Nam nulla magna, malesuada vel, convallis in, cursus et, eros. Proin ultrices. Duis volutpat nunc sit amet metus. Aliquam erat",2844,732-6391
79,18550,Hadassah Monroe,Freising,aliquet@dictum.co.uk,80,"dolor egestas rhoncus. Proin nisl sem, consequat nec, mollis vitae, posuere at, velit. Cras lorem lorem, luctus ut, pellentesque eget,",7587,234-0441
50,61017,Jenna Moss,Chiniot,pellentesque@netusetmalesuada.co.uk,30,"enim. Etiam imperdiet dictum magna. Ut tincidunt orci quis lectus. Nullam suscipit, est ac facilisis facilisis, magna tellus faucibus leo,",9727,1-690-148-2285
57,3611,MacKensie Webb,Kediri,molestie@turpisvitae.ca,66,"sem molestie sodales. Mauris blandit enim consequat purus. Maecenas libero est, congue a, aliquet vel, vulputate eu, odio. Phasellus at",9651,966-1036
10,82582,Leandra Todd,Guadalupe,magna.Lorem.ipsum@nulla.net,54,ut nisi a odio semper cursus. Integer mollis. Integer tincidunt aliquam arcu. Aliquam ultrices iaculis odio. Nam interdum enim non,5720,1-477-613-6984
30,13489,Marny Morales,Valle del Guamuez,felis.eget.varius@laciniaat.org,64,"nulla. Donec non justo. Proin non massa non ante bibendum ullamcorper. Duis cursus, diam at pretium aliquet, metus urna convallis",6562,576-6645
29,82449,Kirestin Martin,Keswick,Praesent@apurusDuis.org,75,"hendrerit id, ante. Nunc mauris sapien, cursus in, hendrerit consectetuer, cursus et, magna. Praesent interdum ligula eu enim. Etiam imperdiet",1887,1-868-661-8763
80,32069,Cameran Wallace,Columbus,lobortis.quis@ornaretortorat.ca,56,"metus. In lorem. Donec elementum, lorem ut aliquam iaculis, lacus pede sagittis augue, eu tempor erat neque non quam. Pellentesque",5097,1-374-448-5935
30,77889,Urielle Dunn,Patos,dolor@Inlorem.com,60,"lobortis ultrices. Vivamus rhoncus. Donec est. Nunc ullamcorper, velit in aliquet lobortis, nisi nibh lacinia orci, consectetuer euismod est arcu",9973,331-4554
7,47451,Aretha Deleon,Siddi,Integer.sem.elit@vel.co.uk,32,Nam interdum enim non nisi. Aenean eget metus. In nec orci. Donec nibh. Quisque nonummy ipsum non arcu. Vivamus sit,4691,992-2077
31,3954,Veda Shaw,Nimy,tincidunt.aliquam.arcu@ullamcorpernislarcu.ca,26,feugiat placerat velit. Quisque varius. Nam porttitor scelerisque neque. Nullam nisl. Maecenas malesuada fringilla est. Mauris eu turpis. Nulla aliquet.,6519,575-9460
1,95633,Aurora Montgomery,Rouyn-Noranda,tellus@odioPhasellus.edu,34,"Quisque tincidunt pede ac urna. Ut tincidunt vehicula risus. Nulla eget metus eu erat semper rutrum. Fusce dolor quam, elementum",4530,1-290-544-0518
79,83090,Fallon Horn,Tucson,ultrices@turpisNulla.org,49,"a, dui. Cras pellentesque. Sed dictum. Proin eget odio. Aliquam vulputate ullamcorper magna. Sed eu eros. Nam consequat dolor vitae",7767,1-509-438-0386
47,52351,Claudia Horn,Osimo,quis.massa@conubia.com,30,"ligula consectetuer rhoncus. Nullam velit dui, semper et, lacinia vitae, sodales at, velit. Pellentesque ultricies dignissim lacus. Aliquam rutrum lorem",8284,712-3523
70,8698,Brynne Strickland,Jhang,justo.sit@commodo.com,37,"eu, eleifend nec, malesuada ut, sem. Nulla interdum. Curabitur dictum. Phasellus in felis. Nulla tempor augue ac ipsum. Phasellus vitae",8762,1-762-994-5597
60,75006,Clementine Carney,Tuktoyaktuk,lectus.a.sollicitudin@tortornibhsit.co.uk,34,"mollis. Phasellus libero mauris, aliquam eu, accumsan sed, facilisis vitae, orci. Phasellus dapibus quam quis diam. Pellentesque habitant morbi tristique",1744,136-2049
73,98872,Fiona Barrera,Jackson,ac@magnaCras.edu,71,semper cursus. Integer mollis. Integer tincidunt aliquam arcu. Aliquam ultrices iaculis odio. Nam interdum enim non nisi. Aenean eget metus.,4778,1-700-434-2143
28,78988,Aubrey Berger,Deerlijk,Nunc.mauris@urnaconvallis.ca,36,Curabitur massa. Vestibulum accumsan neque et nunc. Quisque ornare tortor at risus. Nunc ac sem ut dolor dapibus gravida. Aliquam,6236,647-2144
32,23635,Ariel Becker,Munich,eu.dui.Cum@cursus.net,79,erat neque non quam. Pellentesque habitant morbi tristique senectus et netus et malesuada fames ac turpis egestas. Aliquam fringilla cursus,3339,285-6813
67,75032,Zelenia Mcmillan,Isle-aux-Coudres,Nulla.dignissim@tellusSuspendisse.net,54,id magna et ipsum cursus vestibulum. Mauris magna. Duis dignissim tempor arcu. Vestibulum ut eros non enim commodo hendrerit. Donec,8120,926-9765
73,60683,Kylan Maddox,Värnamo,eu.arcu@nibh.co.uk,40,"in, tempus eu, ligula. Aenean euismod mauris eu elit. Nulla facilisi. Sed neque. Sed eget lacus. Mauris non dui nec",4293,1-718-949-5362
39,80798,Noelani Stafford,Ciplet,Duis.dignissim.tempor@Donecat.com,30,"placerat. Cras dictum ultricies ligula. Nullam enim. Sed nulla ante, iaculis nec, eleifend non, dapibus rutrum, justo. Praesent luctus. Curabitur",9126,1-760-989-3047
68,60348,Tatum Lloyd,Aliano,nibh@ante.ca,53,"justo faucibus lectus, a sollicitudin orci sem eget massa. Suspendisse eleifend. Cras sed leo. Cras vehicula aliquet libero. Integer in",8152,451-4832
7,23084,Halee Conley,Torghar,dui@auctorullamcorpernisl.com,48,"velit dui, semper et, lacinia vitae, sodales at, velit. Pellentesque ultricies dignissim lacus. Aliquam rutrum lorem ac risus. Morbi metus.",1701,1-110-962-4290
93,13848,Kai Henderson,Akron,eu@convallisantelectus.org,61,"purus gravida sagittis. Duis gravida. Praesent eu nulla at sem molestie sodales. Mauris blandit enim consequat purus. Maecenas libero est,",9639,317-4952
69,68007,Mallory Baxter,Akhtubinsk,consequat.purus@elitpede.net,71,"lobortis quis, pede. Suspendisse dui. Fusce diam nunc, ullamcorper eu, euismod ac, fermentum vel, mauris. Integer sem elit, pharetra ut,",2751,1-407-901-6359
22,63741,Mary Spencer,Ludwigsburg,fermentum.metus.Aenean@senectusetnetus.edu,80,eget odio. Aliquam vulputate ullamcorper magna. Sed eu eros. Nam consequat dolor vitae dolor. Donec fringilla. Donec feugiat metus sit,6798,201-4479
71,41475,Katelyn Hernandez,Cedar Rapids,Ut@tempor.org,34,"ac tellus. Suspendisse sed dolor. Fusce mi lorem, vehicula et, rutrum eu, ultrices sit amet, risus. Donec nibh enim, gravida",8208,1-633-947-3682
43,39786,Justine Hyde,Tilburg,purus@loremipsumsodales.net,43,quis urna. Nunc quis arcu vel quam dignissim pharetra. Nam ac nulla. In tincidunt congue turpis. In condimentum. Donec at,6320,346-0548
2,2051,Adrienne Rojas,Sherani,eros.Proin@convallisdolor.net,61,Cras eget nisi dictum augue malesuada malesuada. Integer id magna et ipsum cursus vestibulum. Mauris magna. Duis dignissim tempor arcu.,4831,1-684-429-9493
55,30485,Alma Dale,Colorado Springs,ipsum.dolor@afeugiattellus.org,28,Nam ac nulla. In tincidunt congue turpis. In condimentum. Donec at arcu. Vestibulum ante ipsum primis in faucibus orci luctus,1981,1-953-657-3427
74,31301,Summer Scott,Inverness,eu@gravida.com,65,feugiat placerat velit. Quisque varius. Nam porttitor scelerisque neque. Nullam nisl. Maecenas malesuada fringilla est. Mauris eu turpis. Nulla aliquet.,8315,912-7217
58,20149,Latifah Wallace,Hope,Curabitur.massa.Vestibulum@etnetus.ca,39,Aenean euismod mauris eu elit. Nulla facilisi. Sed neque. Sed eget lacus. Mauris non dui nec urna suscipit nonummy. Fusce,3725,1-495-587-9909
24,90713,Simone Nielsen,Clackmannan,Cras@lacusQuisquepurus.com,76,"lectus quis massa. Mauris vestibulum, neque sed dictum eleifend, nunc risus varius orci, in consequat enim diam vel arcu. Curabitur",1009,1-107-237-2301
76,1554,Cherokee Banks,Stony Plain,tellus.non@Quisqueornaretortor.org,39,"eget massa. Suspendisse eleifend. Cras sed leo. Cras vehicula aliquet libero. Integer in magna. Phasellus dolor elit, pellentesque a, facilisis",1519,1-369-711-9060
97,36751,Camille Gomez,Haguenau,rutrum.Fusce@porttitorinterdum.ca,76,"Nunc ut erat. Sed nunc est, mollis non, cursus non, egestas a, dui. Cras pellentesque. Sed dictum. Proin eget odio.",4875,116-6282
10,62770,Lynn Tyler,Pemberton,augue@sem.com,44,at fringilla purus mauris a nunc. In at pede. Cras vulputate velit eu sem. Pellentesque ut ipsum ac mi eleifend,5022,1-607-671-5905
68,19085,Halla Huffman,Montacuto,Sed.et@amet.co.uk,33,"accumsan neque et nunc. Quisque ornare tortor at risus. Nunc ac sem ut dolor dapibus gravida. Aliquam tincidunt, nunc ac",1044,1-338-292-3031
38,32030,Bianca Brown,Pietrasanta,eu@primis.ca,48,ut nisi a odio semper cursus. Integer mollis. Integer tincidunt aliquam arcu. Aliquam ultrices iaculis odio. Nam interdum enim non,8539,1-956-668-1411
59,75707,Nevada Austin,Cisnes,a.magna.Lorem@elementum.org,33,magna a tortor. Nunc commodo auctor velit. Aliquam nisl. Nulla eu neque pellentesque massa lobortis ultrices. Vivamus rhoncus. Donec est.,7325,864-3306
48,2148,Virginia Pena,Monte Patria,Fusce.diam@rhoncusid.org,40,"Pellentesque ut ipsum ac mi eleifend egestas. Sed pharetra, felis eget varius ultrices, mauris ipsum porta elit, a feugiat tellus",6829,738-7514
3,37161,Ursa Freeman,Fort Smith,at@cubiliaCuraePhasellus.edu,72,ultrices iaculis odio. Nam interdum enim non nisi. Aenean eget metus. In nec orci. Donec nibh. Quisque nonummy ipsum non,2919,1-638-368-3028
58,27507,Shellie Richard,Arviat,Vivamus.sit@enim.org,34,"elit, pretium et, rutrum non, hendrerit id, ante. Nunc mauris sapien, cursus in, hendrerit consectetuer, cursus et, magna. Praesent interdum",2692,1-803-277-4209
50,42937,Leilani Kerr,Paulista,amet.ante@Etiambibendumfermentum.com,71,"Duis risus odio, auctor vitae, aliquet nec, imperdiet nec, leo. Morbi neque tellus, imperdiet non, vestibulum nec, euismod in, dolor.",7896,413-7578
8,45647,Guinevere Cardenas,Termoli,ut.sem.Nulla@risusvariusorci.com,63,"nonummy ut, molestie in, tempus eu, ligula. Aenean euismod mauris eu elit. Nulla facilisi. Sed neque. Sed eget lacus. Mauris",9044,409-9913
41,66112,Maya Michael,Verdun,mollis.lectus@Loremipsum.edu,74,"mauris. Integer sem elit, pharetra ut, pharetra sed, hendrerit a, arcu. Sed et libero. Proin mi. Aliquam gravida mauris ut",7072,1-669-700-2116
41,63956,Alexandra Maynard,Rabbi,Sed.eu@molestie.com,32,"dui. Suspendisse ac metus vitae velit egestas lacinia. Sed congue, elit sed consequat auctor, nunc nulla vulputate dui, nec tempus",7834,1-623-858-9856
96,43061,Reagan Macdonald,Vancouver,dolor.dapibus.gravida@fames.co.uk,64,"ut ipsum ac mi eleifend egestas. Sed pharetra, felis eget varius ultrices, mauris ipsum porta elit, a feugiat tellus lorem",4982,1-775-153-2646
10,27810,Carly Schmidt,Castel Giorgio,Donec@ligula.net,41,"et magnis dis parturient montes, nascetur ridiculus mus. Aenean eget magna. Suspendisse tristique neque venenatis lacus. Etiam bibendum fermentum metus.",2342,140-3210
39,40415,Vivian Herman,Bairnsdale,lectus@magnis.co.uk,41,"sem ut dolor dapibus gravida. Aliquam tincidunt, nunc ac mattis ornare, lectus ante dictum mi, ac mattis velit justo nec",8767,1-457-427-8487
81,66535,Ria Hampton,s Herenelderen,Quisque@dignissimmagna.edu,26,"Morbi neque tellus, imperdiet non, vestibulum nec, euismod in, dolor. Fusce feugiat. Lorem ipsum dolor sit amet, consectetuer adipiscing elit.",6699,378-4609
34,29510,Melodie Bonner,Speyer,neque@felispurus.net,57,mauris blandit mattis. Cras eget nisi dictum augue malesuada malesuada. Integer id magna et ipsum cursus vestibulum. Mauris magna. Duis,8698,998-8245
68,69688,Karen Maxwell,Aix-en-Provence,sem.eget@semper.edu,47,"lobortis quis, pede. Suspendisse dui. Fusce diam nunc, ullamcorper eu, euismod ac, fermentum vel, mauris. Integer sem elit, pharetra ut,",3599,1-918-194-1248
20,78258,May Bailey,Oswestry,quam@Maecenasmifelis.org,31,"orci lobortis augue scelerisque mollis. Phasellus libero mauris, aliquam eu, accumsan sed, facilisis vitae, orci. Phasellus dapibus quam quis diam.",6296,1-148-764-0664
14,50416,India Holder,Inuvik,dis.parturient.montes@aliquet.ca,57,"tellus. Suspendisse sed dolor. Fusce mi lorem, vehicula et, rutrum eu, ultrices sit amet, risus. Donec nibh enim, gravida sit",6175,857-2632
16,13403,Aspen Gilbert,Padang Sidempuan,nec.tellus.Nunc@ornaretortor.ca,79,"molestie arcu. Sed eu nibh vulputate mauris sagittis placerat. Cras dictum ultricies ligula. Nullam enim. Sed nulla ante, iaculis nec,",5334,796-6827
96,42157,Iola Velez,Columbus,risus@bibendum.edu,43,"odio a purus. Duis elementum, dui quis accumsan convallis, ante lectus convallis est, vitae sodales nisi magna sed dui. Fusce",9616,1-712-595-4483
35,77358,Lisandra Mckenzie,Wilskerke,felis.purus.ac@urnajustofaucibus.ca,57,"ac arcu. Nunc mauris. Morbi non sapien molestie orci tincidunt adipiscing. Mauris molestie pharetra nibh. Aliquam ornare, libero at auctor",7297,693-7349
31,78301,Halee Craft,Otricoli,sapien@hendreritneque.net,52,erat. Etiam vestibulum massa rutrum magna. Cras convallis convallis dolor. Quisque tincidunt pede ac urna. Ut tincidunt vehicula risus. Nulla,8083,1-540-803-5580
87,17333,Jaime Richmond,Temuka,Praesent.eu.nulla@adipiscingelit.com,49,"tempor diam dictum sapien. Aenean massa. Integer vitae nibh. Donec est mauris, rhoncus id, mollis nec, cursus a, enim. Suspendisse",8146,115-9642
4,2483,Shellie Parker,Latisana,gravida.sagittis.Duis@sapienCrasdolor.net,56,neque. Sed eget lacus. Mauris non dui nec urna suscipit nonummy. Fusce fermentum fermentum arcu. Vestibulum ante ipsum primis in,3761,1-323-606-3519
94,42869,Jocelyn Hooper,Chepén,aliquam.arcu.Aliquam@In.co.uk,33,id magna et ipsum cursus vestibulum. Mauris magna. Duis dignissim tempor arcu. Vestibulum ut eros non enim commodo hendrerit. Donec,4787,813-7315
66,86917,Kevyn Ingram,Palu,tristique.pharetra@adipiscingenimmi.org,25,"ac, eleifend vitae, erat. Vivamus nisi. Mauris nulla. Integer urna. Vivamus molestie dapibus ligula. Aliquam erat volutpat. Nulla dignissim. Maecenas",3093,1-700-843-4674
66,99608,Rae Burns,Luttre,ornare@purus.com,76,"sit amet nulla. Donec non justo. Proin non massa non ante bibendum ullamcorper. Duis cursus, diam at pretium aliquet, metus",6045,1-138-362-5106
54,78911,Risa Holloway,Kendari,facilisis.non.bibendum@ipsumSuspendisse.edu,55,"blandit viverra. Donec tempus, lorem fringilla ornare placerat, orci lacus vestibulum lorem, sit amet ultricies sem magna nec quam. Curabitur",9703,864-9323
66,16312,Phoebe Jackson,Queanbeyan,arcu.Nunc.mauris@Vivamus.edu,69,"mi. Duis risus odio, auctor vitae, aliquet nec, imperdiet nec, leo. Morbi neque tellus, imperdiet non, vestibulum nec, euismod in,",7190,444-0550
2,9636,Bryar Paul,Birkenhead,Integer.vitae.nibh@Nulla.ca,39,"quis diam luctus lobortis. Class aptent taciti sociosqu ad litora torquent per conubia nostra, per inceptos hymenaeos. Mauris ut quam",8114,1-537-858-2971
29,8534,Hilary Steele,Coinco,lobortis@semvitaealiquam.com,41,"nisl arcu iaculis enim, sit amet ornare lectus justo eu arcu. Morbi sit amet massa. Quisque porttitor eros nec tellus.",8166,1-725-368-8474
66,41384,Heather Wilder,Svobodny,Maecenas.libero.est@a.ca,48,"euismod urna. Nullam lobortis quam a felis ullamcorper viverra. Maecenas iaculis aliquet diam. Sed diam lorem, auctor quis, tristique ac,",9913,846-5862
11,69201,Ruby Boyd,Fort Simpson,aliquet.sem.ut@vitaevelit.ca,25,"euismod in, dolor. Fusce feugiat. Lorem ipsum dolor sit amet, consectetuer adipiscing elit. Aliquam auctor, velit eget laoreet posuere, enim",8341,439-9916
33,48437,Haviva Parks,Recoleta,dui.Cras.pellentesque@velarcueu.co.uk,39,eget metus. In nec orci. Donec nibh. Quisque nonummy ipsum non arcu. Vivamus sit amet risus. Donec egestas. Aliquam nec,1425,535-5359
27,77960,Taylor Shannon,Goslar,orci.Donec.nibh@netus.com,64,"semper egestas, urna justo faucibus lectus, a sollicitudin orci sem eget massa. Suspendisse eleifend. Cras sed leo. Cras vehicula aliquet",7445,1-796-127-8082
22,71454,Iona Sweet,Castiglione del Lago,ut.sem@semconsequat.edu,30,fermentum fermentum arcu. Vestibulum ante ipsum primis in faucibus orci luctus et ultrices posuere cubilia Curae; Phasellus ornare. Fusce mollis.,9749,406-7793
46,69924,Inga Kane,Gruitrode,conubia@ametultricies.net,68,"augue eu tellus. Phasellus elit pede, malesuada vel, venenatis vel, faucibus id, libero. Donec consectetuer mauris id sapien. Cras dolor",4691,678-4867
47,19504,Lani Ray,Sautin,adipiscing@Quisque.edu,44,"eu, accumsan sed, facilisis vitae, orci. Phasellus dapibus quam quis diam. Pellentesque habitant morbi tristique senectus et netus et malesuada",9838,896-2577
43,82367,Violet Gallegos,Casanova Elvo,ipsum.non.arcu@ategestasa.ca,47,"velit in aliquet lobortis, nisi nibh lacinia orci, consectetuer euismod est arcu ac orci. Ut semper pretium neque. Morbi quis",5405,1-276-471-3955